latitu;long;tipus;places
41.1187429;1.2502911;Motocicletes;63
41.1194651;1.2531936;Motocicletes;23
41.1196313;1.2461314;Motocicletes;40
41.1174854;1.2505977;Motocicletes;8
41.1176918;1.2458699;Motocicletes;80
41.1165141;1.2474864;Motocicletes;90
41.1203973;1.2396648;Motocicletes;15
41.110807;1.2502362;Motocicletes;30
41.1139529;1.2519488;Motocicletes;12
41.117347197709;1.2527384522704;Motocicletes;40
41.1117149;1.2506353;Motocicletes;15
41.1148903;1.2489654;Motocicletes;20
41.118307401681;1.2596097914017;Motocicletes;5
41.1188827;1.2444909;Motocicletes;8
41.1138301;1.2509798;Motocicletes;9
41.1245513;1.2421865;Motocicletes;15
41.1180509;1.2483085;Motocicletes;15
41.1189682;1.2399566;Motocicletes;40
41.1210418;1.2545691;Motocicletes;10
41.11357992762;1.2412727809509;Motocicletes;10
41.1146349;1.250495;Motocicletes;8
41.1218493;1.2544473;Motocicletes;10
41.1141966;1.2421103;Motocicletes;20
41.1137161;1.2500144;Motocicletes;14
41.1106023;1.2512754;Motocicletes;13
41.1169026;1.2510285;Motocicletes;55
41.1122105;1.2439238;Motocicletes;15
41.120804706967;1.2423024809814;Motocicletes;15
41.1216989;1.2496002;Motocicletes;14
41.1195775;1.2426458;Motocicletes;15
41.1148587;1.2480308;Motocicletes;20
41.1210127;1.2436255;Motocicletes;30
41.1193076;1.239259;Motocicletes;15
41.1182534;1.2443177;Motocicletes;30
41.1212766;1.2508484;Motocicletes;17
41.1188633;1.2607489;Motocicletes;5
41.1115259;1.2494942;Motocicletes;16
41.1151059;1.2501838;Motocicletes;15
41.1110213;1.2485332;Motocicletes;21
41.1152336;1.2412149;Motocicletes;10
41.1173293;1.2552421;Motocicletes;15
41.1139163;1.246435;Motocicletes;10
41.1198991;1.2444399;Motocicletes;20
41.1187022;1.2477491;Motocicletes;30
41.1168994;1.2566129;Motocicletes;10
41.1174253;1.2593494;Motocicletes;5
41.1154104;1.2497865;Motocicletes;22
41.1196224;1.259054;Motocicletes;16
41.1115585;1.2529323;Motocicletes;26
41.1103849;1.2496086;Motocicletes;17
41.1181495;1.2590659;Motocicletes;6
41.113931719506;1.2561709571472;Motocicletes;180
41.1213171;1.2409655;Motocicletes;20
41.1170511;1.2534894;Motocicletes;80
41.1188337;1.2446834;Motocicletes;40
41.1112685;1.2519904;Motocicletes;13
41.1160353;1.2482519;Motocicletes;30
41.119157079066;1.2533056680145;Motocicletes;14
41.1196586;1.2515451;Motocicletes;7
41.1133107;1.2481054;Motocicletes;10
41.1191697;1.2439145;Motocicletes;8
41.1229501;1.2392415;Motocicletes;10
41.1230619;1.2404857;Motocicletes;15
41.1183779;1.2580908;Motocicletes;10
41.1169329;1.2594209;Motocicletes;33
41.1211183;1.259324;Motocicletes;45
41.1214249;1.2532773;Motocicletes;6
41.1212139;1.2519851;Motocicletes;20
41.1203141;1.2534756;Motocicletes;6
41.1122142;1.247523;Motocicletes;10
41.1124292;1.2434935;Motocicletes;9
41.1114599;1.249857;Motocicletes;4
41.1140693;1.2430466;Motocicletes;16
41.1161744;1.259283;Motocicletes;23
41.118882039809;1.2177184981476;Motocicletes;40
41.1185547;1.2501117;Motocicletes;4
41.1196029;1.2516188;Motocicletes;7
41.1176053;1.2451432;Motocicletes;9
41.1176144;1.2467842;Motocicletes;19
41.118460799103;1.2388907111145;Motocicletes;15
41.1154104;1.2497865;Exclusives Discapacitats;1
41.1163029;1.2501586;Exclusives Discapacitats;1
41.1171114;1.2510845;Exclusives Discapacitats;3
41.1182311;1.2518101;Exclusives Discapacitats;1
41.1201859;1.2519909;Exclusives Discapacitats;5
41.1213473;1.2492086;Exclusives Discapacitats;3
41.1188827;1.2444909;Exclusives Discapacitats;4
41.1188827;1.2444909;Exclusives Discapacitats;2
41.1188336;1.2479507;Exclusives Discapacitats;2
41.1188827;1.2444909;Exclusives Discapacitats;4
41.1197351;1.2407057;Exclusives Discapacitats;2
41.1230879;1.243704;Exclusives Discapacitats;5
41.1219347;1.2459717;Exclusives Discapacitats;3
41.1164782;1.2530433;Exclusives Discapacitats;1
41.1137595;1.2499719;Exclusives Discapacitats;1
41.1133384;1.2458584;Exclusives Discapacitats;5
41.1157109;1.2558814;Exclusives Discapacitats;4
41.1102762;1.2506229;Exclusives Discapacitats;2
41.1130515;1.253391;Exclusives Discapacitats;2
41.1183314;1.2579927;Exclusives Discapacitats;2
41.115257;1.2526408;Exclusives Discapacitats;2
41.1167202;1.2462005;Exclusives Discapacitats;1
41.1147672;1.2517775;Exclusives Discapacitats;1
41.1131876;1.2505786;Exclusives Discapacitats;3
41.1199828;1.2507694;Exclusives Discapacitats;3
41.1211614;1.2398107;Exclusives Discapacitats;2
41.1139413;1.2438455;Exclusives Discapacitats;2
41.1197908;1.2574967;Exclusives Discapacitats;2
41.1202332;1.2579007;Exclusives Discapacitats;2
41.1238731;1.2135829;Exclusives Discapacitats;1
41.1219435;1.2530808;Exclusives Discapacitats;1
41.1219201;1.1939811;Exclusives Discapacitats;1
41.117555;1.19012;Exclusives Discapacitats;1
41.118967;1.193648;Exclusives Discapacitats;1
41.1186921;1.2177936;Exclusives Discapacitats;1
41.1192847;1.2606639;Exclusives Discapacitats;2
41.1198991;1.2444399;Exclusives Discapacitats;1
41.0803482;1.1319214;Exclusives Discapacitats;1
41.1146349;1.250495;Exclusives Discapacitats;1
41.1172237;1.2448618;Exclusives Discapacitats;2
41.115722;1.2593018;Exclusives Discapacitats;1
41.1143377;1.2474501;Exclusives Discapacitats;1
41.1184872;1.2177462;Exclusives Discapacitats;3
40.7067997;0.5801695;Exclusives Discapacitats;2
41.1171159;1.2048316;Exclusives Discapacitats;1
41.113877;1.2415992;Exclusives Discapacitats;2
41.1169535;1.2211637;Exclusives Discapacitats;1
41.1139923;1.2610498;Exclusives Discapacitats;3
41.120543388177;1.2780334656067;Exclusives Discapacitats;8
41.1229268;1.2140778;Exclusives Discapacitats;2
41.1126904;1.2438729;Exclusives Discapacitats;2
41.1195699;1.2533411;Càrrega/descàrrega;3
41.1241977;1.2387525;Càrrega/descàrrega;2
41.1154166;1.2472848;Càrrega/descàrrega;2
41.1170286;1.2484316;Càrrega/descàrrega;6
41.1199561;1.2541204;Càrrega/descàrrega;3
41.120619511609;1.2513701128975;Càrrega/descàrrega;4
41.1198161;1.2396211;Càrrega/descàrrega;1
40.7067997;0.5801695;Càrrega/descàrrega;1
41.1125105;1.2508445;Càrrega/descàrrega;5
41.1114824;1.2518576;Càrrega/descàrrega;2
41.1114408;1.2465833;Càrrega/descàrrega;2
41.1146295;1.2494212;Càrrega/descàrrega;7
41.1153139;1.2478727;Càrrega/descàrrega;1
41.1154475;1.2523564;Càrrega/descàrrega;1
41.114401;1.2430692;Càrrega/descàrrega;2
41.118189612097;1.2482591423812;Càrrega/descàrrega;3
41.1187867;1.2406258;Càrrega/descàrrega;3
41.1217029;1.2546937;Càrrega/descàrrega;1
41.117781836351;1.2514181323834;Càrrega/descàrrega;2
41.1126904;1.2438729;Càrrega/descàrrega;2
41.1143404;1.2504613;Càrrega/descàrrega;3
41.1224113;1.2524844;Càrrega/descàrrega;1
41.1148031;1.2422426;Càrrega/descàrrega;1
41.1169535;1.2211637;Càrrega/descàrrega;1
41.113479823271;1.2507176232788;Càrrega/descàrrega;2
41.1171114;1.2510845;Càrrega/descàrrega;3
41.1157659;1.2448636;Càrrega/descàrrega;3
41.1158252;1.2556797;Càrrega/descàrrega;1
41.1216978;1.2453291;Càrrega/descàrrega;1
41.121038894657;1.2487741312069;Càrrega/descàrrega;5
41.1219435;1.2530808;Càrrega/descàrrega;1
41.1146323;1.2475831;Càrrega/descàrrega;8
41.1153708;1.2434836;Càrrega/descàrrega;2
41.1184872;1.2177462;Càrrega/descàrrega;3
41.1229268;1.2140778;Càrrega/descàrrega;2
41.119958979908;1.2510862735053;Càrrega/descàrrega;4
41.117673533843;1.2470041128281;Càrrega/descàrrega;2
41.1238731;1.2135829;Càrrega/descàrrega;1
41.1157216;1.2441965;Càrrega/descàrrega;4
41.120927873339;1.2505347292998;Càrrega/descàrrega;2
41.1163108;1.2477467;Càrrega/descàrrega;14
41.1111242;1.2480361;Càrrega/descàrrega;3
41.1374738;1.2516482;Càrrega/descàrrega;1
41.1186273;1.2146931;Càrrega/descàrrega;1
41.1171287;1.2178842;Càrrega/descàrrega;1
41.1171159;1.2048316;Càrrega/descàrrega;1
41.1164782;1.2530433;Exclusives Discapacitats;1
41.1120896;1.2486992;Exclusives Discapacitats;1
41.1141152;1.2472561;Càrrega/descàrrega;3
41.1119944;1.2457216;Càrrega/descàrrega;2
41.115074;1.2496199;Càrrega/descàrrega;4
41.1198991;1.2444399;Càrrega/descàrrega;1
41.119331516597;1.2473602436778;Càrrega/descàrrega;4
41.1133696;1.247062;Càrrega/descàrrega;6
41.1154688;1.2498935;Càrrega/descàrrega;1
41.1102677;1.2507026;Càrrega/descàrrega;2
41.1130515;1.253391;Càrrega/descàrrega;2
41.1143377;1.2474501;Càrrega/descàrrega;1
41.1131876;1.2505786;Càrrega/descàrrega;3
41.1141643;1.2562261;Càrrega/descàrrega;1
41.1224974;1.2374277;Càrrega/descàrrega;1
41.1167997;1.2545111;Càrrega/descàrrega;1
41.1159902;1.2600306;Motocicletes;1
41.1184077;1.2427121;Càrrega/descàrrega;2
41.1221033;1.2739704;Càrrega/descàrrega;2
41.1110078;1.2515978;Exclusives Discapacitats;1
41.114876122107;1.1946238227539;Bicis/Patinets;4
41.1164166;1.2169095;Càrrega/descàrrega;2
41.1172305;1.2497538;Motocicletes;10
41.122981933434;1.2062097517151;Bicis/Patinets;8
41.121901052533;1.2037338638536;Bicis/Patinets;16
41.12229307641;1.2045486037746;Bicis/Patinets;16
41.120326798718;1.2070269682217;Bicis/Patinets;8
41.121106597801;1.2067152393949;Bicis/Patinets;8
41.120545694267;1.2070042292248;Bicis/Patinets;8
41.1180261;1.2380411;Bicis/Patinets;8
41.118600329915;1.2524967906269;Bicis/Patinets;20
41.137415817536;1.2962734534044;Bicis/Patinets;20
41.118868281696;1.2542085571376;Bicis/Patinets;20
41.1214263;1.2511815;Bicis/Patinets;20
41.1231237;1.2479799;Bicis/Patinets;20
41.1310576;1.2440523;Bicis/Patinets;20
41.1210559;1.2442491;Bicis/Patinets;20
41.116194191537;1.239945960579;Bicis/Patinets;20
41.122772324891;1.2434567798838;Bicis/Patinets;20
41.118742326599;1.2428295013721;Bicis/Patinets;20
41.15847566606;1.241129487566;Bicis/Patinets;4
41.116514;1.2574134;Bicis/Patinets;20
41.1105831;1.2471005;Bicis/Patinets;20
41.1141415;1.2491157;Bicis/Patinets;8
41.1157648;1.259451;Motocicletes;4
41.109068115033;1.2515006510843;Bicis/Patinets;20
41.118595488107;1.2611711063568;Bicis/Patinets;8
41.11784265018;1.2444633006592;Bicis/Patinets;20
41.117950942738;1.2446597345246;Bicis/Patinets;20
41.11954517203;1.2215478608544;Bicis/Patinets;20
41.119135896355;1.1924771718868;Bicis/Patinets;8
41.117040075533;1.2542882766837;Bicis/Patinets;8
41.116781059924;1.2559940124895;Bicis/Patinets;8
41.110346713717;1.2503910353042;Bicis/Patinets;10
41.110436794895;1.2499723929618;Bicis/Patinets;8
41.111563174455;1.2452601219401;Bicis/Patinets;8
41.118618606637;1.2450482323713;Bicis/Patinets;10
41.11161836383;1.2529914889463;Bicis/Patinets;8
41.114803059691;1.259788209393;Bicis/Patinets;20
41.115888960807;1.2499050465183;Bicis/Patinets;20
41.115825255229;1.2496345588448;Bicis/Patinets;8
41.136724191038;1.2506447363988;Bicis/Patinets;20
41.119102817518;1.2559006474881;Bicis/Patinets;20
41.118752165988;1.2733685096951;Bicis/Patinets;20
41.119693906574;1.2758780787326;Bicis/Patinets;20
41.115011196526;1.2626896310272;Bicis/Patinets;6
41.113805733203;1.2322356091531;Bicis/Patinets;20
41.139606164549;1.249588558433;Bicis/Patinets;20
41.1222393;1.2384668;Bicis/Patinets;20
41.12047;1.24197;Bicis/Patinets;20
41.1157099;1.2531748;Bicis/Patinets;20
41.115508106325;1.2525545748829;Bicis/Patinets;10
41.1179865;1.2483284;Bicis/Patinets;20
41.1149071;1.2546783;Bicis/Patinets;20
41.1141631;1.2562006;Bicis/Patinets;20
41.118248326065;1.210932194868;Bicis/Patinets;10
41.120440302034;1.21154082909;Bicis/Patinets;20
41.1159408;1.2558105;Bicis/Patinets;20
41.116700021354;1.2543233280334;Bicis/Patinets;10
41.116137698012;1.2421854738431;Bicis/Patinets;6
41.115233423908;1.2047563602865;Bicis/Patinets;10
41.119738235351;1.2251733090196;Bicis/Patinets;20
41.115038991989;1.200550194501;Bicis/Patinets;10
41.115426734851;1.2016243748565;Bicis/Patinets;10
41.11531394075;1.2088528526402;Bicis/Patinets;10
41.1195432;1.2471317;Bicis/Patinets;14
41.1156458;1.2590762;Bicis/Patinets;20
41.1176751;1.2381408;Bicis/Patinets;12
41.111839267236;1.2404454576721;Bicis/Patinets;20
41.1250816;1.2416722;Bicis/Patinets;20
41.121346568313;1.2708074875784;Bicis/Patinets;20
41.1243307;1.2163115;Bicis/Patinets;20
41.1245195;1.2162065;Bicis/Patinets;20
41.12043000198;1.2465671936153;Bicis/Patinets;20
41.1136023;1.2419244;Bicis/Patinets;20
41.139882339483;1.2600238510408;Bicis/Patinets;20
41.122844097038;1.2153804604114;Bicis/Patinets;20
41.1131328;1.2514835;Bicis/Patinets;18
41.1187323;1.2484157;Bicis/Patinets;10
41.127424036885;1.2344135313953;Bicis/Patinets;20
41.122071038231;1.2423041426603;Bicis/Patinets;14
41.1205941;1.2095308;Bicis/Patinets;20
41.122823331609;1.2080586186111;Bicis/Patinets;20
41.116160635601;1.2118402797623;Bicis/Patinets;20
41.116769914823;1.2173523873108;Bicis/Patinets;20
41.116996111725;1.2034560512039;Bicis/Patinets;20
41.119096812758;1.2507923630905;Bicis/Patinets;20
41.1242195;1.2550284;Bicis/Patinets;20
41.11862898249;1.2696006786621;Bicis/Patinets;20
41.1202909;1.2126203;Bicis/Patinets;20
41.1091696;1.2399455;Bicis/Patinets;20
41.1194598;1.2192937;Bicis/Patinets;20
41.1141152;1.2472561;Bicis/Patinets;20
41.1124673;1.2400661;Bicis/Patinets;10
41.1170067;1.1924672;Bicis/Patinets;20
41.1128122;1.2454928;Bicis/Patinets;20
41.138929268258;1.2578802306425;Bicis/Patinets;20
41.139474445838;1.2584276014847;Bicis/Patinets;20
41.124858689525;1.2555478828338;Bicis/Patinets;20
41.122227097886;1.1953675792679;Bicis/Patinets;20
41.123692739081;1.2387095286924;Bicis/Patinets;8
41.115203469107;1.2066239658373;Bicis/Patinets;10
41.120794533717;1.2527120499993;Bicis/Patinets;12
41.1126786;1.2548093;Bicis/Patinets;12
41.117118432166;1.2253781739146;Bicis/Patinets;20
41.120698946886;1.2484413953202;Bicis/Patinets;8
41.111521122399;1.2413833659031;Bicis/Patinets;20
41.125456961919;1.2480040726418;Bicis/Patinets;8
41.1190981;1.2586204;Bicis/Patinets;10
41.130359672136;1.2016770706485;Bicis/Patinets;20
41.115215034486;1.2050049682582;Bicis/Patinets;10
41.124436269241;1.1989187641762;Bicis/Patinets;4
41.126542242127;1.2335785370454;Bicis/Patinets;8
41.127463536918;1.2344199693115;Bicis/Patinets;8
41.11554341664;1.2084128482256;Bicis/Patinets;22
41.115795362368;1.2378473037272;Bicis/Patinets;20
41.119524359705;1.2611131650076;Bicis/Patinets;20
41.128355280566;1.3460158616862;Bicis/Patinets;20
41.117017484702;1.2393894634279;Bicis/Patinets;14
41.11578756878;1.2523762537275;Motocicletes;10
41.116299555871;1.2515219880141;Motocicletes;10
41.117206757515;1.2495989786561;Motocicletes;10
41.115990592312;1.2513878897444;Motocicletes;10
41.115137306446;1.253126461191;Motocicletes;10
41.11468629586;1.2540749538656;Motocicletes;10
41.114112966837;1.2552945616147;Motocicletes;10
41.116773179668;1.2544431348483;Motocicletes;10
41.116084267515;1.2554754198938;Motocicletes;15
41.115717546833;1.2588683710455;Motocicletes;4
41.1219727;1.209478;Càrrega/descàrrega;4
41.1190981;1.2586204;Exclusives Discapacitats;2
41.116741046015;1.2172501405449;Càrrega/descàrrega;3
41.11606095125;1.2163206433777;Càrrega/descàrrega;3
41.1166522;1.2496794;Càrrega/descàrrega;8
41.1146655;1.2552045;Càrrega/descàrrega;2
41.1150567;1.2542338;Càrrega/descàrrega;2
41.115474210677;1.2532326760574;Càrrega/descàrrega;3
41.1160707;1.252343;Càrrega/descàrrega;1
41.1149619;1.25325;Càrrega/descàrrega;3
41.1144528;1.2544407;Càrrega/descàrrega;2
41.1136746;1.2559187;Càrrega/descàrrega;1
41.114693944468;1.2517597037048;Càrrega/descàrrega;4
41.114426439219;1.251520482209;Càrrega/descàrrega;2
41.113836095389;1.2510495374344;Càrrega/descàrrega;2
41.1169949;1.2478853;Càrrega/descàrrega;3
41.1168553;1.2472554;Càrrega/descàrrega;3
41.1158726;1.2435727;Càrrega/descàrrega;7
41.1160012;1.2429842;Càrrega/descàrrega;2
41.116368;1.242586;Càrrega/descàrrega;2
41.1162175;1.2416795;Càrrega/descàrrega;3
41.1163988;1.2440048;Càrrega/descàrrega;2
41.116419;1.2445097;Càrrega/descàrrega;1
41.1172733;1.2447565;Càrrega/descàrrega;2
41.1114441;1.2439123;Càrrega/descàrrega;1
41.1137497;1.2442875;Càrrega/descàrrega;2
41.115768;1.2459777;Càrrega/descàrrega;2
41.1158062;1.2458883;Càrrega/descàrrega;1
41.118928035299;1.2506823999058;Càrrega/descàrrega;2
41.118014606199;1.2499637466561;Càrrega/descàrrega;1
41.1249427;1.2529342;Càrrega/descàrrega;2
41.1219533;1.2521788;Càrrega/descàrrega;3
41.1214458;1.2518405;Càrrega/descàrrega;2
41.1122886;1.2506966;Càrrega/descàrrega;1
41.1117707;1.2505348;Càrrega/descàrrega;2
41.1112727;1.2471051;Càrrega/descàrrega;3
41.1114167;1.2460127;Càrrega/descàrrega;3
41.1119481;1.2446789;Càrrega/descàrrega;5
41.116144612912;1.2529558917679;Càrrega/descàrrega;2
41.11615168338;1.2530375789018;Càrrega/descàrrega;2
41.1148824;1.24822;Càrrega/descàrrega;2
41.113992594804;1.2465061441803;Càrrega/descàrrega;4
41.113830683277;1.2462168190491;Càrrega/descàrrega;3
41.1145052;1.2469523;Càrrega/descàrrega;2
41.1110981;1.2464614;Càrrega/descàrrega;3
41.113935111411;1.2492553693115;Càrrega/descàrrega;3
41.114173154066;1.248584235582;Càrrega/descàrrega;2
41.1155248;1.2466541;Càrrega/descàrrega;4
41.115841;1.2465038;Càrrega/descàrrega;3
41.1574731;1.1031356;Càrrega/descàrrega;3
41.116594;1.2550541;Càrrega/descàrrega;9
41.1161508;1.2560314;Càrrega/descàrrega;2
41.1161103;1.2561442;Càrrega/descàrrega;6
41.11872375499;1.254737383606;Càrrega/descàrrega;2
41.11987;1.2539265;Càrrega/descàrrega;1
41.118776262021;1.2524822613491;Càrrega/descàrrega;2
41.118176770856;1.2589468398811;Càrrega/descàrrega;3
41.1175018;1.2506398;Càrrega/descàrrega;2
41.1147927;1.2507887;Càrrega/descàrrega;2
41.1150114;1.251109;Càrrega/descàrrega;2
41.1153187;1.2512094;Càrrega/descàrrega;2
41.1136492;1.2429369;Càrrega/descàrrega;4
41.119811912074;1.2514257014667;Càrrega/descàrrega;2
41.117586288594;1.2467367448855;Càrrega/descàrrega;2
41.117519233177;1.2465025577517;Càrrega/descàrrega;3
41.119675218459;1.2495449914441;Càrrega/descàrrega;5
41.1115062;1.2473306;Càrrega/descàrrega;3
41.1111785;1.2494434;Càrrega/descàrrega;1
41.1123246;1.2496057;Càrrega/descàrrega;3
41.1112686;1.2519903;Càrrega/descàrrega;2
41.1211206;1.2459434;Càrrega/descàrrega;4
41.12206;1.2448486;Càrrega/descàrrega;3
41.1241977;1.2387525;Càrrega/descàrrega;2
41.122087;1.2494134;Càrrega/descàrrega;4
41.1190119;1.2423514;Càrrega/descàrrega;4
41.1234686;1.246579;Motocicletes;5
41.1603671;1.2409413;Motocicletes;4
41.1234877;1.2465784;Motocicletes;4
41.124086915179;1.2157622170578;Càrrega/descàrrega;3
41.124360608546;1.2160624301636;Motocicletes;10
41.1183714;1.2525171;Exclusives Discapacitats;2
41.1181579;1.2456569;Exclusives Discapacitats;2
41.1218019;1.238857;Exclusives Discapacitats;1
41.1216838;1.2447126;Exclusives d'ús particular;1
41.1165288;1.2522387;Exclusives d'ús particular;1
41.1216838;1.2447126;Exclusives d'ús particular;1
41.1162344;1.2528695;Exclusives d'ús particular;1
41.115841;1.2465038;Exclusives d'ús particular;1
41.1115578;1.251509;Exclusives d'ús particular;2
41.1380854;1.2497505;Exclusives d'ús particular;1
41.1393451;1.2478435;Exclusives d'ús particular;1
41.1382656;1.2525856;Exclusives d'ús particular;1
41.1395393;1.249297;Exclusives d'ús particular;1
41.1395393;1.249297;Exclusives d'ús particular;1
41.1136461;1.2465217;Exclusives d'ús particular;1
41.1132163;1.2492097;Exclusives d'ús particular;1
41.1140049;1.2509536;Motocicletes;25
41.1134702;1.2531168;Motocicletes;20
41.125979705378;1.2348939281994;Motocicletes;10
41.1240398;1.2401341;Motocicletes;10
41.1368755;1.2565094;Motocicletes;6
41.1121583;1.2452484;Motocicletes;20
41.1239494;1.1906314;Motocicletes;4
41.1268715;1.2461004;Motocicletes;8
41.1248899;1.2470575;Motocicletes;6
41.1253614;1.2497534;Motocicletes;6
41.1252984;1.2514162;Motocicletes;6
41.1246295;1.251601;Motocicletes;6
41.125117;1.2523103;Motocicletes;6
41.1115639;1.2438328;Exclusives d'ús particular;1
41.1199942;1.242716;Exclusives d'ús particular;6
41.114949;1.2462047;Exclusives d'ús particular;1
41.119164;1.2537095;Exclusives d'ús particular;1
41.1113574;1.2500184;Exclusives d'ús particular;1
41.119401;1.2513549;Exclusives d'ús particular;1
41.1239404;1.2141588;Exclusives d'ús particular;1
41.1139455;1.2491642;Exclusives d'ús particular;1
41.1131091;1.2507018;Exclusives d'ús particular;1
41.1168993;1.2510345;Exclusives d'ús particular;3
41.1129775;1.2440048;Exclusives d'ús particular;1
41.1245521;1.2412866;Exclusives d'ús particular;1
41.1147058;1.2477282;Exclusives d'ús particular;1
41.1180518;1.2516983;Exclusives d'ús particular;1
41.1104649;1.2477284;Exclusives d'ús particular;1
41.1203893;1.2536895;Exclusives d'ús particular;1
41.1138753;1.2555428;Exclusives d'ús particular;1
41.1146678;1.2539918;Exclusives d'ús particular;1
41.1154492;1.2536446;Exclusives d'ús particular;1
41.116112;1.2176352;Exclusives d'ús particular;2
41.1107841;1.2507759;Exclusives d'ús particular;1
41.1116225;1.2425941;Exclusives d'ús particular;1
41.111952;1.2453436;Exclusives d'ús particular;1
41.1170372;1.2459751;Exclusives d'ús particular;1
41.1188633;1.2607489;Exclusives d'ús particular;1
41.1173376;1.192217;Exclusives d'ús particular;1
41.1149675;1.2545467;Exclusives d'ús particular;1
41.1161139;1.2415069;Exclusives d'ús particular;1
41.1183937;1.2522727;Exclusives d'ús particular;1
41.1193676;1.2106678;Exclusives d'ús particular;1
41.1171435;1.2174962;Exclusives d'ús particular;2
41.116422;1.210139;Exclusives d'ús particular;1
41.1181687;1.2421448;Exclusives d'ús particular;1
41.1203012;1.215062;Exclusives d'ús particular;1
41.1615871;1.2411378;Exclusives d'ús particular;2
41.1392271;1.2534523;Exclusives d'ús particular;2
41.1150466;1.2493949;Exclusives d'ús particular;1
41.1196238;1.2478371;Exclusives d'ús particular;2
41.1124011;1.2392788;Exclusives d'ús particular;1
41.1144277;1.2514669;Exclusives d'ús particular;1
41.1143742;1.2512392;Exclusives d'ús particular;1
41.1163005;1.2549226;Exclusives d'ús particular;1
41.1159129;1.2598281;Exclusives d'ús particular;1
41.1175466;1.2402289;Exclusives d'ús particular;1
41.119623;1.1917667;Exclusives d'ús particular;1
41.1130842;1.2468796;Exclusives d'ús particular;2
41.1232789;1.2135872;Exclusives d'ús particular;1
41.1169666;1.2595505;Exclusives d'ús particular;1
41.1112497;1.2482522;Exclusives d'ús particular;1
41.1201705;1.1926504;Exclusives d'ús particular;1
41.11406;1.24288;Exclusives d'ús particular;1
41.1181687;1.2421448;Exclusives d'ús particular;2
41.1190114;1.2587567;Exclusives d'ús particular;2
41.1227303;1.2388957;Exclusives d'ús particular;1
41.1224254;1.248796;Exclusives d'ús particular;2
41.1161508;1.2560314;Exclusives d'ús particular;1
41.1102661;1.249452;Exclusives d'ús particular;1
41.1200058;1.2532551;Exclusives d'ús particular;1
41.114401;1.2430692;Exclusives d'ús particular;1
41.1231372;1.2743386;Exclusives d'ús particular;1
41.1382656;1.2525856;Exclusives d'ús particular;1
41.122398;1.252657;Exclusives d'ús particular;1
41.119164;1.2537095;Exclusives d'ús particular;1
41.1210247;1.2507558;Exclusives d'ús particular;1
41.1145623;1.2462691;Exclusives d'ús particular;1
41.1191968;1.2089406;Exclusives d'ús particular;1
41.1144277;1.2514669;Exclusives d'ús particular;1
41.1184777;1.1900797;Exclusives d'ús particular;1
41.1207804;1.1915457;Exclusives d'ús particular;1
41.1291493;1.3454116;Exclusives d'ús particular;1
41.1136028;1.2456704;Exclusives d'ús particular;1
41.1228221;1.2153321;Exclusives d'ús particular;1
41.1180279;1.23803;Exclusives d'ús particular;1
41.1198805;1.2669825;Exclusives d'ús particular;1
41.1199828;1.2507694;Exclusives d'ús particular;1
41.1381052;1.2497735;Exclusives d'ús particular;1
41.1167202;1.2462005;Exclusives d'ús particular;1
41.1130294;1.2510419;Exclusives d'ús particular;1
41.1138553;1.2483077;Exclusives d'ús particular;1
41.1121413;1.2404868;Exclusives d'ús particular;1
41.1140533;1.2440456;Exclusives d'ús particular;1
41.1116487;1.2440123;Exclusives d'ús particular;1
41.1110078;1.2515978;Exclusives d'ús particular;1
41.1224325;1.252327;Exclusives d'ús particular;1
41.124904;1.2147141;Exclusives d'ús particular;1
41.1121413;1.2404868;Exclusives d'ús particular;1
41.1171193;1.2644523;Exclusives d'ús particular;1
41.1164008;1.2205377;Exclusives d'ús particular;1
41.1375025;1.2567241;Exclusives d'ús particular;1
41.1377154;1.257788;Exclusives d'ús particular;1
41.1160128;1.1904947;Exclusives d'ús particular;1
41.1208307;1.2493384;Exclusives d'ús particular;1
41.1195335;1.1928176;Exclusives d'ús particular;1
41.110942;1.2474398;Exclusives d'ús particular;1
41.1178623;1.2486835;Exclusives d'ús particular;1
41.1130211;1.2421311;Exclusives d'ús particular;1
41.115727;1.2593008;Exclusives d'ús particular;1
41.116479;1.218547;Exclusives d'ús particular;1
41.1177415;1.2453013;Exclusives d'ús particular;1
41.1212958;1.1925736;Exclusives d'ús particular;1
41.1209064;1.2538014;Exclusives d'ús particular;1
41.115841;1.2465038;Exclusives d'ús particular;1
41.1165675;1.2446072;Exclusives d'ús particular;1
41.1163988;1.2440048;Exclusives d'ús particular;1
41.1373822;1.255859;Exclusives d'ús particular;1
41.116535;1.2441987;Exclusives d'ús particular;1
41.11487;1.2459571;Exclusives d'ús particular;1
41.1110078;1.2515978;Exclusives d'ús particular;1
41.1189271;1.2089293;Exclusives d'ús particular;1
41.1176998;1.2376051;Exclusives d'ús particular;1
41.1214408;1.1927988;Exclusives d'ús particular;1
41.1131763;1.2424891;Exclusives d'ús particular;1
41.1621489;1.2447715;Exclusives d'ús particular;1
41.1152753;1.246954;Exclusives d'ús particular;1
41.1173445;1.1915415;Exclusives d'ús particular;1
41.1185035;1.2472425;Exclusives d'ús particular;1
41.1372216;1.2562848;Exclusives d'ús particular;1
41.1174638;1.245159;Exclusives d'ús particular;1
41.1197349;1.2382408;Exclusives d'ús particular;1
41.1210772;1.2147994;Exclusives d'ús particular;1
41.1201621;1.2523127;Exclusives d'ús particular;1
41.1172234;1.207568;Exclusives d'ús particular;1
41.1164837;1.2574955;Exclusives d'ús particular;1
41.1217796;1.2111319;Exclusives d'ús particular;1
41.1169681;1.191823;Exclusives d'ús particular;1
41.1394908;1.2587826;Exclusives d'ús particular;1
41.1196381;1.2498317;Exclusives d'ús particular;1
41.1158805;1.2416216;Exclusives d'ús particular;1
41.114462;1.2471086;Exclusives d'ús particular;1
41.1116225;1.2425941;Exclusives d'ús particular;1
41.124816983878;1.2406968294998;Motocicletes;6
41.1131328;1.2514835;Exclusives Discapacitats;3
41.1290058;1.2453576;Motocicletes;6
41.116758;1.2174598;Motocicletes;6
41.126510020944;1.237411338623;Motocicletes;8
41.1162469;1.2468714;Bicis/Patinets;20
41.1099128;1.2492097;Bicis/Patinets;8
41.1116225;1.2425941;Bicis/Patinets;20
41.1095021;1.2397727;Bicis/Patinets;20
41.1128234;1.2454846;Bicis/Patinets;20
41.1122562;1.2513379;Bicis/Patinets;6
41.1138771;1.2517466;Bicis/Patinets;20
41.1155224;1.2440997;Bicis/Patinets;20
41.1142788;1.2558187;Exclusives 1 vehicle/entitat;1
41.1204579;1.2542833;Motocicletes;4
41.121673530577;1.2546476460327;Motocicletes;4
41.126590731649;1.2346452748688;Motocicletes;6
41.116779681166;1.2591524521149;Càrrega/descàrrega;4
41.121040946485;1.2111810638931;Càrrega/descàrrega;3
41.12129538136;1.2413830354431;Exclusives Discapacitats;3
41.1164744;1.250251;Motocicletes;10
41.1162719;1.2506543;Motocicletes;12
41.1164744;1.250251;Exclusives Discapacitats;1
41.1153708;1.2434836;Motocicletes;5
41.1241268;1.2750078;Motocicletes;70
41.117913767871;1.2512084496681;Motocicletes;4
41.1385048;1.2520813;Motocicletes;10
41.1122546;1.2518138;Motocicletes;6
41.1243974;1.2032341;Motocicletes;20
41.117760213079;1.2474032497028;Càrrega/descàrrega;4
41.118293438943;1.2518108621559;Càrrega/descàrrega;3
41.121311665734;1.2508231714155;Càrrega/descàrrega;5
41.1194657;1.2615821;Motocicletes;6
41.1185922;1.2613834;Exclusives Discapacitats;1
41.1137077;1.244559;Exclusives d'ús particular;1
41.1633523;1.242126;Exclusives d'ús particular;1
